eno,ename,hiredate
1,John Doe,2020-01-15
2,Jane Smith,2019-03-22
3,Bob Johnson,2021-07-30
4,Alice Williams,2018-12-05
5,Charlie Brown,2022-05-14
6,Emily Davis,2021-04-12
7,Michael Miller,2019-09-10
8,Sarah Wilson,2020-11-01
9,David Martinez,2023-02-20
10,Laura Taylor,2022-08-17
11,James Anderson,2017-06-19
12,Karen Thomas,2020-10-14
13,Robert Jackson,2018-03-29
14,Mary White,2021-05-06
15,William Harris,2019-12-12
16,Patricia Lewis,2023-03-05
17,Daniel Lee,2022-01-23
18,Susan Clark,2020-09-18
19,George Hall,2021-11-07
20,Jessica Young,2022-04-25
